INSERT INTO Genres (genre_id, genre_name, genre_description) VALUES
(1, 'Drama', 'Character-driven stories centered on emotional conflict and personal growth.'),
(2, 'Action', 'Fast-paced films featuring chases, combat, and high-stakes conflict.'),
(3, 'Comedy', 'Lighthearted stories designed to entertain with humor and wit.'),
(4, 'Science Fiction', 'Speculative stories involving advanced technology and imagined futures.'),
(5, 'Thriller', 'Suspense-driven narratives focused on tension, danger, and mystery.'),
(6, 'Animation', 'Stylized animated features for families and general audiences.');

INSERT INTO Movies (movie_id, title, genre_id, runtime, release_date, imdb_rating) VALUES
(1, 'Harbor Lights', 1, 112, '2023-03-17', 7.8),
(2, 'Skyline Pursuit', 2, 129, '2024-07-12', 7.1),
(3, 'Second Cup', 3, 98, '2022-11-04', 6.9),
(4, 'Orbit Line', 4, 141, '2025-02-21', 8.4),
(5, 'Cold Witness', 5, 106, '2023-10-06', 7.5),
(6, 'Paper Planets', 6, 95, '2024-06-14', 8.0),
(7, 'Ashes of Summer', 1, 124, '2021-08-20', 7.3),
(8, 'Terminal Rush', 2, 117, '2025-01-10', 6.8),
(9, 'Neighborhood Rehearsal', 3, 104, '2023-05-26', 7.0),
(10, 'Signal Beyond', 4, 133, '2024-09-27', 8.7),
(11, 'The Last Ledger', 5, 121, '2022-02-18', 7.9),
(12, 'Lanterns in the Rain', 1, 109, '2025-03-28', 8.2);

INSERT INTO Theaters (theater_id, theater_name, location_city, location_state, number_of_screens) VALUES
(1, 'Campus View Cinema', 'College Park', 'MD', 10),
(2, 'Harbor East Movies', 'Baltimore', 'MD', 14),
(3, 'Capital Screenworks', 'Washington', 'DC', 12),
(4, 'Silver Spring Grand', 'Silver Spring', 'MD', 11),
(5, 'Alexandria Premiere', 'Alexandria', 'VA', 9),
(6, 'Rockville Town Center Cinemas', 'Rockville', 'MD', 13);

INSERT INTO Showtimes (showtime_id, movie_id, theater_id, show_date, show_time, auditorium_number) VALUES
(1, 1, 1, '2026-04-18', '13:00:00', 2),
(2, 2, 1, '2026-04-18', '16:30:00', 5),
(3, 6, 1, '2026-04-18', '19:00:00', 1),
(4, 3, 1, '2026-04-19', '15:45:00', 4),
(5, 5, 2, '2026-04-18', '14:00:00', 7),
(6, 10, 2, '2026-04-18', '19:30:00', 9),
(7, 7, 2, '2026-04-19', '12:30:00', 3),
(8, 11, 2, '2026-04-19', '18:45:00', 6),
(9, 4, 3, '2026-04-18', '13:15:00', 8),
(10, 12, 3, '2026-04-18', '17:00:00', 2),
(11, 8, 3, '2026-04-18', '20:15:00', 5),
(12, 9, 3, '2026-04-19', '16:00:00', 4),
(13, 2, 4, '2026-04-18', '12:45:00', 6),
(14, 6, 4, '2026-04-18', '15:30:00', 1),
(15, 1, 4, '2026-04-19', '19:10:00', 3),
(16, 5, 4, '2026-04-19', '21:00:00', 7),
(17, 10, 5, '2026-04-18', '14:30:00', 4),
(18, 3, 5, '2026-04-18', '17:15:00', 2),
(19, 11, 5, '2026-04-19', '19:40:00', 5),
(20, 12, 5, '2026-04-19', '13:20:00', 1),
(21, 4, 6, '2026-04-18', '16:10:00', 10),
(22, 8, 6, '2026-04-18', '19:50:00', 12),
(23, 7, 6, '2026-04-19', '14:15:00', 6),
(24, 9, 6, '2026-04-19', '18:00:00', 3);

INSERT INTO Tickets (ticket_id, showtime_id, ticket_price, ticket_type, availability_status) VALUES
(1, 1, 11.50, 'Adult', 'Available'),
(2, 1, 9.00, 'Child', 'Available'),
(3, 2, 15.00, 'Adult', 'Available'),
(4, 2, 12.00, 'Senior', 'Limited'),
(5, 3, 13.50, 'Adult', 'Available'),
(6, 3, 10.00, 'Child', 'Available'),
(7, 4, 11.00, 'Adult', 'Sold Out'),
(8, 4, 9.50, 'Senior', 'Limited'),
(9, 5, 14.00, 'Adult', 'Available'),
(10, 5, 11.50, 'Student', 'Available'),
(11, 6, 16.50, 'Adult', 'Available'),
(12, 6, 13.00, 'Senior', 'Limited'),
(13, 7, 10.50, 'Adult', 'Available'),
(14, 7, 8.50, 'Child', 'Available'),
(15, 8, 14.50, 'Adult', 'Available'),
(16, 8, 12.00, 'Student', 'Limited'),
(17, 9, 15.50, 'Adult', 'Available'),
(18, 9, 12.50, 'Senior', 'Available'),
(19, 10, 14.00, 'Adult', 'Available'),
(20, 10, 10.50, 'Child', 'Available'),
(21, 11, 16.00, 'Adult', 'Limited'),
(22, 11, 13.50, 'Student', 'Available'),
(23, 12, 11.50, 'Adult', 'Available'),
(24, 12, 9.50, 'Senior', 'Available'),
(25, 13, 13.00, 'Adult', 'Available'),
(26, 13, 10.00, 'Student', 'Available'),
(27, 14, 12.50, 'Adult', 'Available'),
(28, 14, 8.75, 'Child', 'Available'),
(29, 15, 12.00, 'Adult', 'Limited'),
(30, 15, 10.00, 'Senior', 'Available'),
(31, 16, 14.50, 'Adult', 'Available'),
(32, 16, 11.00, 'Student', 'Sold Out'),
(33, 17, 16.75, 'Adult', 'Available'),
(34, 17, 13.25, 'Senior', 'Limited'),
(35, 18, 12.25, 'Adult', 'Available'),
(36, 18, 9.25, 'Child', 'Available'),
(37, 19, 15.25, 'Adult', 'Available'),
(38, 19, 12.75, 'Student', 'Limited'),
(39, 20, 13.50, 'Adult', 'Available'),
(40, 20, 10.50, 'Child', 'Available'),
(41, 21, 17.00, 'Adult', 'Available'),
(42, 21, 14.00, 'Senior', 'Limited'),
(43, 22, 15.75, 'Adult', 'Available'),
(44, 22, 12.25, 'Student', 'Available'),
(45, 23, 11.75, 'Adult', 'Available'),
(46, 23, 9.25, 'Senior', 'Available'),
(47, 24, 12.50, 'Adult', 'Available'),
(48, 24, 10.00, 'Student', 'Limited');
